Partner_ID,Login_Date,Feature_Used,Session_Duration_Mins
P001,05-02-2025,Reports,42
P001,03-02-2025,Payments,27
P001,10-03-2025,Dashboard,11
P001,26-02-2025,Payments,26
P001,01-03-2025,Dashboard,13
P001,24-03-2025,Reports,22
P001,26-02-2025,Reports,7
P001,29-01-2025,Reports,17
P001,20-01-2025,Dashboard,23
P001,14-02-2025,Payments,34
P001,19-01-2025,Dashboard,39
P001,23-03-2025,Dashboard,11
P001,08-02-2025,Dashboard,13
P001,30-01-2025,Reports,33
P001,19-01-2025,Reports,20
P001,04-01-2025,Dashboard,19
P001,01-04-2025,Reports,44
P001,31-03-2025,Dashboard,13
P001,22-02-2025,Reports,36
P001,08-02-2025,Dashboard,3
P002,04-02-2025,Profile,35
P002,12-03-2025,Payments,14
P002,26-01-2025,Dashboard,40
P002,05-03-2025,Reports,20
P002,05-02-2025,Payments,8
P002,14-01-2025,Reports,43
P002,28-01-2025,Reports,11
P002,09-01-2025,Dashboard,19
P002,02-01-2025,Dashboard,17
P002,03-03-2025,Payments,35
P002,20-03-2025,Profile,41
P002,26-02-2025,Reports,28
P002,16-02-2025,Dashboard,25
P002,10-02-2025,Dashboard,26
P002,24-02-2025,Payments,2
P002,23-01-2025,Payments,24
P002,17-02-2025,Payments,29
P002,05-01-2025,Payments,44
P002,18-01-2025,Reports,8
P002,18-01-2025,Dashboard,27
P004,11-02-2025,Reports,13
P004,14-02-2025,Dashboard,12
P004,11-01-2025,Dashboard,15
P004,09-03-2025,Reports,44
P004,27-02-2025,Reports,22
P004,02-03-2025,Reports,39
P004,04-02-2025,Dashboard,37
P004,03-02-2025,Payments,37
P004,25-01-2025,Dashboard,23
P004,13-02-2025,Dashboard,12
P004,20-01-2025,Payments,30
P004,10-02-2025,Reports,16
P005,25-02-2025,Dashboard,28
P005,16-03-2025,Dashboard,29
P005,05-03-2025,Profile,14
P005,21-01-2025,Dashboard,29
P005,31-01-2025,Payments,26
P005,10-01-2025,Reports,30
P005,04-02-2025,Payments,34
P005,26-02-2025,Reports,7
P005,13-03-2025,Reports,4
P005,13-01-2025,Reports,17
P005,18-01-2025,Dashboard,33
P005,16-03-2025,Payments,26
P005,28-01-2025,Dashboard,2
P005,22-03-2025,Dashboard,4
P005,12-02-2025,Reports,42
P005,01-04-2025,Dashboard,14
P006,02-03-2025,Dashboard,24
P006,09-03-2025,Payments,10
P006,22-02-2025,Dashboard,6
P006,26-01-2025,Dashboard,17
P006,15-02-2025,Reports,27
P006,14-02-2025,Profile,22
P006,10-03-2025,Reports,42
P006,10-02-2025,Reports,28
P006,11-03-2025,Dashboard,9
P006,02-02-2025,Reports,20
P006,20-01-2025,Profile,33
P006,18-01-2025,Dashboard,37
P006,29-03-2025,Reports,22
P006,31-01-2025,Payments,16
P006,06-01-2025,Payments,2
P006,22-02-2025,Reports,8
P006,01-04-2025,Payments,7
P006,06-03-2025,Dashboard,12
P006,25-03-2025,Dashboard,44
P006,11-03-2025,Payments,43
P006,23-02-2025,Payments,15
P006,31-01-2025,Payments,9
P006,03-01-2025,Profile,9
P006,18-02-2025,Reports,45
P006,24-03-2025,Reports,37
P006,03-02-2025,Payments,44
P006,21-03-2025,Reports,5
P006,28-02-2025,Payments,30
P006,27-03-2025,Payments,35
P006,11-02-2025,Payments,35
P006,23-01-2025,Dashboard,28
P006,01-01-2025,Dashboard,15
P006,17-03-2025,Dashboard,21
P006,03-01-2025,Reports,8
P006,11-01-2025,Dashboard,20
P006,26-02-2025,Reports,32
P006,18-03-2025,Reports,11
P006,24-03-2025,Dashboard,9
P006,26-03-2025,Reports,33
P006,30-01-2025,Dashboard,29
P007,03-01-2025,Reports,42
P007,19-02-2025,Payments,10
P007,16-01-2025,Dashboard,25
P007,24-01-2025,Reports,44
P007,12-02-2025,Dashboard,37
P007,18-03-2025,Dashboard,2
P007,26-03-2025,Reports,36
P007,27-01-2025,Reports,33
P007,31-03-2025,Reports,15
P007,15-03-2025,Payments,43
P007,01-02-2025,Profile,31
P007,04-02-2025,Reports,7
P008,25-02-2025,Dashboard,7
P008,04-01-2025,Profile,40
P008,22-01-2025,Payments,15
P008,26-03-2025,Reports,5
P008,09-03-2025,Reports,13
P008,07-02-2025,Dashboard,27
P008,17-02-2025,Dashboard,12
P008,28-01-2025,Dashboard,38
P008,21-01-2025,Reports,8
P008,04-01-2025,Payments,19
P008,25-03-2025,Reports,37
P008,28-01-2025,Dashboard,22
P008,20-03-2025,Profile,41
P008,04-01-2025,Payments,5
P008,22-02-2025,Reports,30
P008,16-02-2025,Reports,17
P009,22-01-2025,Dashboard,4
P009,20-02-2025,Dashboard,9
P009,14-03-2025,Payments,27
P009,17-02-2025,Payments,15
P009,11-01-2025,Reports,37
P009,08-01-2025,Dashboard,34
P009,10-02-2025,Reports,25
P009,23-01-2025,Reports,20
P009,08-03-2025,Dashboard,11
P009,08-02-2025,Reports,11
P009,04-02-2025,Dashboard,18
P009,09-03-2025,Reports,45
P009,08-01-2025,Reports,5
P009,23-02-2025,Dashboard,32
P009,05-01-2025,Dashboard,32
P009,18-01-2025,Reports,43
P009,01-04-2025,Reports,17
P009,28-02-2025,Payments,15
P009,19-01-2025,Reports,8
P009,18-01-2025,Dashboard,36
P010,24-03-2025,Reports,45
P010,10-03-2025,Dashboard,44
P010,14-01-2025,Reports,14
P010,02-03-2025,Reports,2
P010,22-01-2025,Reports,44
P010,21-02-2025,Profile,37
P010,27-03-2025,Dashboard,24
P010,27-02-2025,Profile,34
P010,21-01-2025,Profile,26
P010,22-02-2025,Dashboard,2
P010,20-03-2025,Dashboard,34
P010,25-03-2025,Dashboard,28
P010,19-02-2025,Dashboard,10
P010,04-02-2025,Dashboard,6
P010,16-03-2025,Reports,12
P010,16-03-2025,Dashboard,30
P011,24-03-2025,Reports,38
P011,09-02-2025,Reports,25
P011,10-02-2025,Payments,16
P011,07-01-2025,Payments,24
P011,05-02-2025,Payments,12
P011,26-03-2025,Dashboard,24
P011,24-01-2025,Dashboard,40
P011,25-03-2025,Payments,42
P011,10-01-2025,Payments,22
P011,20-03-2025,Profile,4
P011,11-01-2025,Reports,5
P011,01-04-2025,Dashboard,36
P011,05-01-2025,Payments,16
P011,04-02-2025,Dashboard,19
P011,01-02-2025,Profile,31
P011,16-03-2025,Payments,18
P011,18-01-2025,Reports,13
P011,28-03-2025,Payments,24
P011,11-02-2025,Payments,9
P011,25-03-2025,Dashboard,45
P012,27-01-2025,Profile,34
P012,25-02-2025,Dashboard,43
P012,22-01-2025,Dashboard,27
P012,30-03-2025,Profile,27
P012,01-02-2025,Profile,34
P012,08-02-2025,Reports,22
P012,09-02-2025,Reports,45
P012,11-03-2025,Reports,28
P012,13-01-2025,Dashboard,37
P012,01-02-2025,Dashboard,16
P012,02-02-2025,Reports,13
P012,20-01-2025,Payments,12
P012,02-01-2025,Payments,31
P012,20-03-2025,Payments,4
P012,08-01-2025,Dashboard,41
P012,19-03-2025,Reports,44
P012,20-01-2025,Dashboard,31
P012,01-01-2025,Reports,29
P012,02-02-2025,Reports,4
P012,12-01-2025,Payments,17
P012,22-01-2025,Dashboard,43
P012,10-01-2025,Dashboard,32
P012,25-01-2025,Dashboard,29
P012,21-03-2025,Payments,40
P013,14-02-2025,Payments,32
P013,01-03-2025,Dashboard,45
P013,20-01-2025,Payments,17
P013,01-04-2025,Payments,9
P013,28-01-2025,Dashboard,18
P013,09-01-2025,Dashboard,20
P013,23-02-2025,Profile,31
P013,24-01-2025,Dashboard,8
P014,31-03-2025,Reports,12
P014,16-03-2025,Dashboard,34
P014,08-01-2025,Reports,7
P014,21-03-2025,Dashboard,30
P014,31-01-2025,Dashboard,16
P014,04-01-2025,Dashboard,17
P014,28-02-2025,Reports,5
P014,03-03-2025,Payments,9
P014,24-03-2025,Reports,45
P014,20-02-2025,Profile,13
P014,23-02-2025,Dashboard,31
P014,09-01-2025,Dashboard,39
P014,05-01-2025,Payments,6
P014,01-04-2025,Dashboard,29
P014,23-01-2025,Profile,26
P014,10-02-2025,Dashboard,5
P014,05-01-2025,Profile,36
P014,07-03-2025,Dashboard,29
P014,10-02-2025,Payments,45
P014,14-02-2025,Reports,36
P014,11-03-2025,Profile,37
P014,26-02-2025,Dashboard,5
P014,09-03-2025,Reports,18
P014,18-01-2025,Profile,36
P014,09-03-2025,Reports,24
P014,25-03-2025,Reports,41
P014,18-02-2025,Reports,34
P014,30-01-2025,Reports,18
P014,31-01-2025,Reports,40
P014,05-01-2025,Reports,30
P014,23-03-2025,Profile,2
P014,05-03-2025,Dashboard,39
P014,03-03-2025,Dashboard,15
P014,09-01-2025,Profile,18
P014,03-02-2025,Payments,34
P014,07-02-2025,Reports,34
P014,04-02-2025,Reports,22
P014,21-01-2025,Dashboard,32
P014,01-04-2025,Dashboard,37
P014,14-02-2025,Reports,8
P014,21-02-2025,Dashboard,15
P014,03-01-2025,Reports,30
P014,06-02-2025,Dashboard,33
P014,10-03-2025,Profile,26
P015,05-03-2025,Dashboard,33
P015,21-02-2025,Dashboard,16
P015,22-01-2025,Payments,42
P015,31-01-2025,Profile,42
P015,16-02-2025,Dashboard,4
P015,19-02-2025,Reports,42
P015,13-03-2025,Dashboard,28
P015,22-01-2025,Profile,29
P015,25-01-2025,Payments,45
P015,30-01-2025,Payments,8
P015,14-01-2025,Reports,35
P015,05-02-2025,Reports,20
P015,28-02-2025,Dashboard,5
P015,17-01-2025,Dashboard,20
P015,31-03-2025,Payments,12
P015,22-03-2025,Payments,28
P015,20-03-2025,Profile,17
P015,17-03-2025,Profile,31
P015,10-03-2025,Reports,27
P015,25-02-2025,Payments,45
P015,04-01-2025,Profile,45
P015,20-01-2025,Payments,37
P015,22-02-2025,Dashboard,3
P015,23-01-2025,Reports,24
P015,28-03-2025,Dashboard,33
P015,28-01-2025,Profile,21
P015,01-02-2025,Reports,37
P015,21-03-2025,Dashboard,8
P015,18-01-2025,Reports,26
P015,23-01-2025,Reports,37
P015,16-03-2025,Dashboard,25
P015,11-03-2025,Dashboard,39
P015,01-04-2025,Reports,16
P015,28-03-2025,Reports,18
P015,12-01-2025,Payments,26
P015,24-03-2025,Reports,17
P015,01-04-2025,Payments,28
P015,27-01-2025,Reports,43
P015,12-02-2025,Reports,32
P015,27-02-2025,Payments,27
P015,28-02-2025,Reports,17
P015,28-03-2025,Dashboard,44
P015,15-02-2025,Dashboard,30
P015,10-03-2025,Payments,10
P015,20-02-2025,Reports,10
P015,28-01-2025,Payments,37
P015,12-02-2025,Dashboard,21
P015,08-03-2025,Dashboard,8
P015,01-03-2025,Dashboard,32
P015,21-03-2025,Dashboard,8
P015,03-03-2025,Reports,42
P015,28-01-2025,Dashboard,40
P015,13-03-2025,Reports,33
P015,15-01-2025,Profile,23
P015,16-01-2025,Dashboard,5
P015,15-03-2025,Reports,24
P015,14-02-2025,Payments,25
P015,24-01-2025,Dashboard,13
P015,20-01-2025,Reports,16
P015,26-03-2025,Payments,11
P016,31-01-2025,Dashboard,18
P016,04-01-2025,Dashboard,23
P016,19-02-2025,Dashboard,36
P016,18-02-2025,Dashboard,41
P016,01-01-2025,Reports,45
P016,20-01-2025,Dashboard,19
P016,28-01-2025,Dashboard,19
P016,09-01-2025,Payments,18
P016,18-01-2025,Reports,2
P016,05-01-2025,Reports,35
P016,10-03-2025,Dashboard,26
P016,24-02-2025,Dashboard,21
P016,30-03-2025,Dashboard,22
P016,01-04-2025,Dashboard,31
P016,19-02-2025,Dashboard,16
P016,10-02-2025,Dashboard,24
P016,01-01-2025,Dashboard,10
P016,05-02-2025,Dashboard,36
P016,17-01-2025,Reports,36
P016,20-03-2025,Dashboard,35
P016,17-02-2025,Dashboard,17
P016,27-01-2025,Reports,38
P016,27-02-2025,Reports,5
P016,01-03-2025,Dashboard,31
P016,15-02-2025,Payments,7
P016,04-02-2025,Reports,12
P016,28-03-2025,Dashboard,27
P016,01-02-2025,Payments,13
P016,30-03-2025,Profile,44
P016,17-01-2025,Dashboard,34
P016,30-01-2025,Dashboard,5
P016,07-01-2025,Payments,30
P016,02-02-2025,Payments,15
P016,20-03-2025,Dashboard,16
P016,05-02-2025,Dashboard,19
P016,15-03-2025,Dashboard,20
P016,25-01-2025,Reports,32
P016,15-01-2025,Reports,45
P016,07-03-2025,Dashboard,26
P016,07-02-2025,Reports,30
P016,29-03-2025,Payments,19
P016,23-03-2025,Dashboard,30
P016,28-03-2025,Dashboard,33
P016,21-02-2025,Payments,40
P017,04-01-2025,Dashboard,38
P017,18-03-2025,Reports,26
P017,01-04-2025,Reports,27
P017,27-03-2025,Dashboard,15
P017,28-02-2025,Dashboard,4
P017,31-01-2025,Dashboard,10
P017,29-01-2025,Dashboard,41
P017,01-01-2025,Dashboard,7
P018,06-03-2025,Payments,28
P018,11-03-2025,Reports,43
P018,27-02-2025,Reports,37
P018,14-01-2025,Payments,38
P018,22-02-2025,Reports,39
P018,03-01-2025,Dashboard,37
P018,07-01-2025,Reports,41
P018,23-02-2025,Reports,28
P019,21-01-2025,Reports,8
P019,20-03-2025,Reports,43
P019,12-02-2025,Dashboard,17
P019,07-01-2025,Profile,30
P019,10-03-2025,Reports,19
P019,10-03-2025,Dashboard,44
P019,25-02-2025,Dashboard,8
P019,10-03-2025,Dashboard,29
P019,23-03-2025,Dashboard,33
P019,14-03-2025,Dashboard,22
P019,06-01-2025,Dashboard,45
P019,28-01-2025,Dashboard,4
P019,04-02-2025,Dashboard,24
P019,04-01-2025,Payments,28
P019,27-01-2025,Dashboard,27
P019,22-01-2025,Reports,24
P020,03-02-2025,Reports,3
P020,08-01-2025,Dashboard,19
P020,02-03-2025,Payments,43
P020,21-01-2025,Dashboard,43
P020,24-02-2025,Dashboard,20
P020,01-03-2025,Reports,43
P020,06-02-2025,Reports,36
P020,20-01-2025,Dashboard,34
P020,28-01-2025,Dashboard,37
P020,19-02-2025,Reports,16
P020,18-02-2025,Dashboard,33
P020,06-01-2025,Reports,14
P020,01-01-2025,Dashboard,24
P020,10-03-2025,Reports,32
P020,31-01-2025,Reports,19
P020,08-01-2025,Dashboard,12
P020,18-01-2025,Dashboard,15
P020,09-03-2025,Dashboard,20
P020,15-01-2025,Dashboard,27
P020,27-01-2025,Profile,3
P020,28-01-2025,Dashboard,37
P020,30-01-2025,Payments,17
P020,27-02-2025,Dashboard,23
P020,03-01-2025,Reports,28
P020,05-02-2025,Payments,15
P020,26-03-2025,Reports,28
P020,14-03-2025,Reports,23
P020,03-03-2025,Reports,28
P020,22-01-2025,Dashboard,28
P020,16-03-2025,Profile,42
P020,22-03-2025,Payments,2
P020,20-01-2025,Profile,22
P020,04-03-2025,Dashboard,17
P020,13-02-2025,Payments,5
P020,13-03-2025,Profile,4
P020,01-02-2025,Dashboard,15
P020,05-03-2025,Dashboard,9
P020,02-01-2025,Payments,30
P020,21-01-2025,Reports,30
P020,01-03-2025,Payments,22
P020,02-01-2025,Dashboard,24
P020,04-03-2025,Payments,12
P020,27-01-2025,Dashboard,5
P020,18-01-2025,Dashboard,17
P022,22-03-2025,Payments,3
P022,08-03-2025,Reports,6
P022,11-03-2025,Dashboard,20
P022,18-03-2025,Payments,13
P022,19-01-2025,Dashboard,20
P022,06-01-2025,Reports,24
P022,09-03-2025,Profile,15
P022,19-02-2025,Reports,6
P022,04-02-2025,Dashboard,5
P022,11-01-2025,Profile,17
P022,14-03-2025,Reports,13
P022,24-02-2025,Dashboard,43
P022,28-01-2025,Dashboard,2
P022,22-01-2025,Payments,9
P022,02-02-2025,Reports,24
P022,31-03-2025,Reports,7
P022,22-01-2025,Payments,22
P022,19-01-2025,Payments,8
P022,06-02-2025,Dashboard,34
P022,08-02-2025,Dashboard,2
P022,12-01-2025,Dashboard,19
P022,13-02-2025,Payments,16
P022,30-01-2025,Dashboard,24
P022,04-01-2025,Reports,30
P022,25-01-2025,Payments,26
P022,26-03-2025,Payments,28
P022,23-01-2025,Dashboard,37
P022,24-02-2025,Payments,43
P022,23-01-2025,Dashboard,16
P022,24-01-2025,Payments,39
P022,07-02-2025,Dashboard,3
P022,13-03-2025,Dashboard,12
P022,02-02-2025,Payments,23
P022,02-03-2025,Dashboard,40
P022,06-02-2025,Dashboard,21
P022,23-01-2025,Payments,11
P022,22-01-2025,Payments,18
P022,14-03-2025,Reports,45
P022,21-03-2025,Reports,2
P022,02-03-2025,Reports,32
P024,28-03-2025,Reports,34
P024,18-03-2025,Reports,32
P024,13-02-2025,Reports,21
P024,29-01-2025,Dashboard,45
P024,30-03-2025,Payments,20
P024,10-02-2025,Profile,4
P024,04-03-2025,Reports,11
P024,13-02-2025,Reports,24
P024,19-03-2025,Profile,44
P024,17-01-2025,Payments,26
P024,12-01-2025,Dashboard,28
P024,29-03-2025,Reports,45
P024,17-02-2025,Reports,37
P024,24-01-2025,Reports,34
P024,25-02-2025,Payments,43
P024,11-02-2025,Profile,4
P024,10-01-2025,Profile,34
P024,04-03-2025,Reports,29
P024,24-03-2025,Dashboard,2
P024,01-03-2025,Profile,31
P024,17-02-2025,Payments,10
P024,06-02-2025,Dashboard,21
P024,30-01-2025,Profile,15
P024,14-02-2025,Payments,18
P024,17-01-2025,Reports,14
P024,07-02-2025,Reports,40
P024,08-03-2025,Dashboard,35
P024,01-04-2025,Dashboard,21
P025,20-02-2025,Dashboard,13
P025,28-02-2025,Payments,9
P025,11-03-2025,Reports,11
P025,01-04-2025,Dashboard,3
P025,16-02-2025,Reports,10
P025,16-03-2025,Dashboard,37
P025,05-01-2025,Dashboard,38
P025,25-03-2025,Reports,23
P025,04-01-2025,Reports,44
P025,05-03-2025,Profile,5
P025,06-03-2025,Dashboard,45
P025,04-02-2025,Reports,38
P025,31-03-2025,Reports,10
P025,16-03-2025,Dashboard,43
P025,08-01-2025,Reports,3
P025,16-03-2025,Dashboard,4
P025,25-03-2025,Profile,40
P025,06-03-2025,Dashboard,13
P025,30-01-2025,Reports,45
P025,05-02-2025,Dashboard,39
P025,31-01-2025,Profile,32
P025,02-03-2025,Reports,16
P025,26-03-2025,Reports,21
P025,10-02-2025,Dashboard,19
P025,14-03-2025,Payments,31
P025,25-01-2025,Dashboard,44
P025,27-02-2025,Payments,36
P025,20-03-2025,Dashboard,34
P026,16-02-2025,Reports,43
P026,16-03-2025,Reports,43
P026,14-02-2025,Dashboard,7
P026,07-01-2025,Payments,16
P027,03-03-2025,Dashboard,34
P027,10-03-2025,Reports,29
P027,13-03-2025,Reports,5
P027,08-01-2025,Dashboard,44
P027,08-03-2025,Dashboard,34
P027,01-01-2025,Payments,41
P027,12-01-2025,Reports,7
P027,21-03-2025,Dashboard,11
P027,22-02-2025,Dashboard,41
P027,04-01-2025,Dashboard,36
P027,13-02-2025,Reports,37
P027,01-01-2025,Dashboard,11
P027,13-01-2025,Dashboard,2
P027,10-03-2025,Payments,36
P027,03-03-2025,Dashboard,36
P027,20-03-2025,Reports,23
P027,17-01-2025,Dashboard,8
P027,20-01-2025,Dashboard,9
P027,30-03-2025,Dashboard,4
P027,31-01-2025,Payments,19
P027,22-02-2025,Payments,29
P027,09-01-2025,Payments,15
P027,12-01-2025,Dashboard,38
P027,27-01-2025,Reports,9
P027,26-02-2025,Dashboard,27
P027,08-03-2025,Dashboard,27
P027,07-03-2025,Payments,41
P027,13-01-2025,Dashboard,44
P027,01-04-2025,Dashboard,45
P027,22-01-2025,Dashboard,33
P027,10-03-2025,Dashboard,23
P027,15-03-2025,Dashboard,19
P027,15-02-2025,Reports,44
P027,15-01-2025,Reports,38
P027,10-02-2025,Payments,30
P027,06-02-2025,Payments,20
P029,03-03-2025,Profile,18
P029,22-03-2025,Payments,3
P029,10-03-2025,Dashboard,33
P029,16-03-2025,Payments,6
P029,01-04-2025,Reports,20
P029,13-03-2025,Payments,41
P029,31-03-2025,Payments,18
P029,17-02-2025,Reports,14
P029,16-02-2025,Dashboard,45
P029,01-02-2025,Dashboard,44
P029,03-03-2025,Reports,42
P029,02-03-2025,Reports,29
P029,03-02-2025,Dashboard,24
P029,27-03-2025,Dashboard,42
P029,16-02-2025,Payments,35
P029,02-03-2025,Profile,28
P029,21-02-2025,Reports,32
P029,30-01-2025,Dashboard,17
P029,27-01-2025,Dashboard,25
P029,11-03-2025,Dashboard,29
P029,08-02-2025,Profile,4
P029,22-01-2025,Dashboard,34
P029,08-01-2025,Reports,33
P029,25-01-2025,Dashboard,22
P029,03-03-2025,Reports,35
P029,11-01-2025,Reports,26
P029,07-02-2025,Payments,25
P029,22-01-2025,Dashboard,32
P029,14-01-2025,Dashboard,22
P029,05-03-2025,Dashboard,15
P029,10-03-2025,Profile,16
P029,25-02-2025,Payments,3
P030,03-03-2025,Dashboard,25
P030,29-01-2025,Payments,25
P030,20-02-2025,Dashboard,32
P030,09-01-2025,Reports,9
P030,08-01-2025,Dashboard,30
P030,23-03-2025,Dashboard,15
P030,14-03-2025,Dashboard,45
P030,22-03-2025,Dashboard,20
P030,10-03-2025,Payments,40
P030,07-02-2025,Dashboard,23
P030,04-03-2025,Reports,20
P030,24-01-2025,Reports,33
P030,09-02-2025,Reports,16
P030,09-02-2025,Profile,11
P030,02-01-2025,Payments,20
P030,14-03-2025,Dashboard,18
P030,18-03-2025,Dashboard,22
P030,13-02-2025,Dashboard,9
P030,05-03-2025,Reports,29
P030,20-01-2025,Dashboard,38
P030,06-01-2025,Reports,36
P030,16-02-2025,Reports,24
P030,06-02-2025,Dashboard,21
P030,20-01-2025,Payments,36
P030,06-02-2025,Dashboard,39
P030,08-01-2025,Dashboard,43
P030,14-02-2025,Payments,35
P030,30-03-2025,Reports,13
P030,18-03-2025,Reports,24
P030,12-03-2025,Reports,15
P030,14-02-2025,Dashboard,5
P030,13-02-2025,Payments,11
P031,27-01-2025,Profile,39
P031,24-01-2025,Reports,19
P031,16-03-2025,Dashboard,13
P031,27-02-2025,Reports,33
P031,26-03-2025,Payments,17
P031,22-01-2025,Payments,20
P031,08-02-2025,Payments,33
P031,19-02-2025,Reports,17
P031,14-03-2025,Reports,31
P031,04-01-2025,Payments,31
P031,02-01-2025,Dashboard,43
P031,02-02-2025,Reports,27
P031,29-03-2025,Dashboard,43
P031,12-03-2025,Profile,14
P031,23-02-2025,Profile,12
P031,26-02-2025,Dashboard,37
P031,20-01-2025,Payments,43
P031,12-02-2025,Profile,36
P031,05-01-2025,Dashboard,21
P031,06-03-2025,Reports,35
P031,09-02-2025,Profile,11
P031,04-03-2025,Dashboard,4
P031,21-01-2025,Reports,9
P031,31-03-2025,Dashboard,39
P031,17-01-2025,Profile,17
P031,03-02-2025,Profile,21
P031,18-03-2025,Profile,5
P031,05-02-2025,Reports,4
P032,10-01-2025,Dashboard,42
P032,28-02-2025,Reports,11
P032,05-03-2025,Dashboard,39
P032,29-03-2025,Dashboard,45
P032,12-01-2025,Dashboard,28
P032,30-03-2025,Reports,38
P032,16-01-2025,Dashboard,43
P032,30-01-2025,Payments,26
P032,01-03-2025,Dashboard,34
P032,25-01-2025,Dashboard,21
P032,13-01-2025,Reports,11
P032,28-01-2025,Payments,37
P033,26-03-2025,Payments,34
P033,18-03-2025,Dashboard,23
P033,19-03-2025,Payments,21
P033,06-01-2025,Reports,40
P033,18-01-2025,Profile,20
P033,15-01-2025,Payments,41
P033,21-02-2025,Profile,7
P033,28-03-2025,Dashboard,5
P033,21-01-2025,Payments,35
P033,27-01-2025,Reports,35
P033,20-01-2025,Reports,15
P033,30-03-2025,Reports,38
P033,04-03-2025,Payments,7
P033,16-01-2025,Profile,37
P033,29-03-2025,Payments,3
P033,23-02-2025,Reports,8
P033,07-03-2025,Reports,12
P033,11-03-2025,Payments,39
P033,27-01-2025,Dashboard,3
P033,15-02-2025,Dashboard,42
P034,06-03-2025,Dashboard,14
P034,28-03-2025,Profile,2
P034,02-01-2025,Reports,35
P034,09-01-2025,Dashboard,28
P034,14-02-2025,Reports,31
P034,18-03-2025,Dashboard,38
P034,05-03-2025,Profile,45
P034,13-03-2025,Payments,30
P034,20-03-2025,Dashboard,23
P034,15-01-2025,Reports,7
P034,21-03-2025,Payments,34
P034,06-01-2025,Profile,6
P034,16-02-2025,Reports,17
P034,08-03-2025,Reports,39
P034,05-02-2025,Dashboard,29
P034,09-03-2025,Profile,13
P035,04-02-2025,Payments,4
P035,24-02-2025,Dashboard,34
P035,15-03-2025,Dashboard,31
P035,21-03-2025,Profile,22
P035,11-03-2025,Payments,3
P035,01-03-2025,Profile,45
P035,18-03-2025,Profile,16
P035,28-02-2025,Dashboard,38
P035,13-02-2025,Dashboard,20
P035,27-02-2025,Payments,34
P035,01-01-2025,Reports,7
P035,20-01-2025,Dashboard,4
P035,29-01-2025,Payments,6
P035,19-01-2025,Dashboard,23
P035,20-01-2025,Dashboard,13
P035,22-02-2025,Reports,11
P035,22-03-2025,Reports,7
P035,26-02-2025,Reports,28
P035,04-01-2025,Dashboard,29
P035,27-03-2025,Payments,21
P035,18-02-2025,Dashboard,19
P035,29-01-2025,Dashboard,11
P035,07-01-2025,Payments,8
P035,03-03-2025,Profile,44
P035,08-02-2025,Payments,42
P035,05-03-2025,Payments,10
P035,27-03-2025,Reports,5
P035,06-01-2025,Reports,11
P035,13-01-2025,Dashboard,19
P035,12-02-2025,Reports,8
P035,19-02-2025,Dashboard,28
P035,21-02-2025,Dashboard,10
P036,20-02-2025,Dashboard,20
P036,13-03-2025,Reports,6
P036,28-01-2025,Dashboard,5
P036,23-02-2025,Payments,16
P036,19-02-2025,Reports,22
P036,20-02-2025,Reports,9
P036,05-01-2025,Reports,7
P036,31-01-2025,Payments,42
P037,25-03-2025,Payments,29
P037,13-02-2025,Payments,33
P037,05-02-2025,Dashboard,2
P037,24-02-2025,Payments,41
P037,26-01-2025,Dashboard,31
P037,31-01-2025,Dashboard,7
P037,09-03-2025,Payments,16
P037,03-03-2025,Dashboard,38
P037,29-01-2025,Payments,13
P037,08-02-2025,Payments,6
P037,09-01-2025,Reports,27
P037,03-02-2025,Dashboard,5
P037,17-03-2025,Dashboard,19
P037,17-02-2025,Reports,16
P037,02-03-2025,Profile,2
P037,02-03-2025,Reports,6
P037,24-01-2025,Dashboard,12
P037,30-01-2025,Reports,42
P037,12-01-2025,Reports,43
P037,25-01-2025,Payments,26
P037,09-01-2025,Dashboard,13
P037,18-03-2025,Payments,38
P037,04-02-2025,Reports,29
P037,21-02-2025,Profile,11
P037,14-01-2025,Dashboard,2
P037,20-01-2025,Reports,7
P037,21-01-2025,Profile,10
P037,23-03-2025,Dashboard,16
P037,20-03-2025,Profile,20
P037,19-03-2025,Reports,5
P037,18-01-2025,Dashboard,34
P037,10-03-2025,Dashboard,15
P037,06-03-2025,Payments,6
P037,23-03-2025,Dashboard,9
P037,15-02-2025,Reports,37
P037,02-02-2025,Dashboard,3
P037,10-02-2025,Reports,19
P037,08-01-2025,Dashboard,24
P037,09-02-2025,Payments,14
P037,10-01-2025,Profile,19
P037,24-02-2025,Profile,31
P037,10-03-2025,Payments,37
P037,05-03-2025,Dashboard,21
P037,12-02-2025,Payments,43
P037,17-02-2025,Dashboard,11
P037,18-01-2025,Dashboard,11
P037,14-01-2025,Dashboard,28
P037,10-03-2025,Reports,32
P037,01-02-2025,Payments,15
P037,16-02-2025,Reports,19
P037,18-03-2025,Reports,11
P037,20-02-2025,Dashboard,7
P037,18-03-2025,Profile,35
P037,31-03-2025,Reports,29
P037,06-02-2025,Reports,22
P037,22-03-2025,Dashboard,6
P037,12-01-2025,Payments,7
P037,08-01-2025,Reports,17
P037,28-01-2025,Dashboard,19
P037,07-02-2025,Dashboard,21
P038,13-02-2025,Dashboard,27
P038,03-03-2025,Dashboard,31
P038,27-01-2025,Profile,15
P038,29-01-2025,Reports,32
P038,28-03-2025,Payments,4
P038,21-03-2025,Dashboard,37
P038,27-02-2025,Dashboard,5
P038,06-03-2025,Dashboard,7
P038,23-03-2025,Reports,36
P038,27-02-2025,Dashboard,45
P038,28-01-2025,Payments,29
P038,09-02-2025,Reports,25
P038,25-03-2025,Profile,44
P038,22-02-2025,Dashboard,37
P038,02-02-2025,Payments,16
P038,10-02-2025,Payments,28
P038,09-03-2025,Payments,31
P038,12-02-2025,Payments,26
P038,21-03-2025,Payments,21
P038,20-02-2025,Reports,14
P038,07-02-2025,Dashboard,18
P038,28-03-2025,Dashboard,43
P038,19-01-2025,Profile,19
P038,20-02-2025,Reports,25
P038,27-02-2025,Payments,38
P038,26-03-2025,Reports,20
P038,12-01-2025,Dashboard,41
P038,27-03-2025,Dashboard,19
P038,02-01-2025,Reports,19
P038,12-02-2025,Reports,8
P038,06-01-2025,Dashboard,5
P038,09-03-2025,Reports,28
P040,20-03-2025,Dashboard,21
P040,11-02-2025,Reports,6
P040,26-03-2025,Reports,25
P040,02-02-2025,Dashboard,17
P040,26-02-2025,Reports,39
P040,26-02-2025,Payments,8
P040,11-03-2025,Payments,32
P040,30-01-2025,Dashboard,5
P040,10-01-2025,Reports,27
P040,18-01-2025,Dashboard,13
P040,19-01-2025,Dashboard,9
P040,12-03-2025,Profile,16
P040,30-03-2025,Dashboard,3
P040,19-03-2025,Reports,30
P040,14-02-2025,Reports,24
P040,01-03-2025,Payments,7
P040,24-02-2025,Reports,30
P040,03-01-2025,Dashboard,18
P040,13-03-2025,Dashboard,8
P040,06-03-2025,Reports,33
P040,21-01-2025,Dashboard,30
P040,13-03-2025,Dashboard,13
P040,19-01-2025,Dashboard,37
P040,05-02-2025,Dashboard,21
P041,28-01-2025,Dashboard,17
P041,09-02-2025,Dashboard,44
P041,14-03-2025,Reports,25
P041,21-01-2025,Payments,40
P041,20-02-2025,Dashboard,6
P041,03-01-2025,Profile,22
P041,05-03-2025,Dashboard,9
P041,27-03-2025,Reports,19
P041,02-01-2025,Payments,14
P041,10-02-2025,Payments,20
P041,16-01-2025,Payments,12
P041,11-02-2025,Payments,19
P041,21-02-2025,Dashboard,43
P041,14-02-2025,Payments,43
P041,08-03-2025,Dashboard,2
P041,25-01-2025,Payments,31
P041,06-02-2025,Reports,13
P041,21-02-2025,Payments,42
P041,02-01-2025,Reports,21
P041,02-03-2025,Reports,30
P042,08-02-2025,Payments,35
P042,28-01-2025,Dashboard,29
P042,23-03-2025,Profile,15
P042,13-03-2025,Dashboard,3
P042,23-03-2025,Dashboard,7
P042,21-03-2025,Payments,10
P042,18-02-2025,Reports,29
P042,09-02-2025,Reports,45
P042,01-03-2025,Reports,32
P042,09-03-2025,Payments,9
P042,25-02-2025,Dashboard,41
P042,12-02-2025,Profile,20
P042,27-01-2025,Profile,4
P042,30-03-2025,Reports,13
P042,03-03-2025,Dashboard,12
P042,24-03-2025,Reports,27
P042,22-03-2025,Dashboard,4
P042,31-01-2025,Dashboard,16
P042,21-02-2025,Dashboard,14
P042,25-02-2025,Reports,17
P043,11-01-2025,Payments,24
P043,14-03-2025,Reports,10
P043,07-01-2025,Reports,45
P043,12-03-2025,Payments,24
P043,10-01-2025,Reports,33
P043,16-02-2025,Payments,40
P043,16-03-2025,Profile,37
P043,15-01-2025,Reports,18
P043,06-02-2025,Dashboard,18
P043,09-01-2025,Reports,27
P043,07-03-2025,Profile,45
P043,17-02-2025,Dashboard,32
P043,03-02-2025,Reports,45
P043,19-02-2025,Reports,37
P043,22-02-2025,Payments,2
P043,27-03-2025,Dashboard,3
P043,07-01-2025,Payments,19
P043,15-03-2025,Profile,7
P043,11-03-2025,Dashboard,13
P043,10-01-2025,Dashboard,27
P043,21-01-2025,Profile,31
P043,30-01-2025,Dashboard,29
P043,17-01-2025,Payments,33
P043,30-01-2025,Reports,31
P043,11-01-2025,Dashboard,39
P043,06-01-2025,Payments,10
P043,31-03-2025,Reports,16
P043,14-02-2025,Reports,30
P045,17-03-2025,Profile,45
P045,11-01-2025,Reports,21
P045,13-01-2025,Dashboard,7
P045,16-03-2025,Dashboard,37
P045,04-01-2025,Dashboard,16
P045,19-02-2025,Reports,43
P045,03-03-2025,Dashboard,45
P045,17-02-2025,Payments,21
P045,12-02-2025,Reports,36
P045,20-01-2025,Dashboard,25
P045,08-02-2025,Reports,22
P045,28-01-2025,Payments,29
P045,18-01-2025,Dashboard,33
P045,02-01-2025,Dashboard,8
P045,23-01-2025,Dashboard,7
P045,06-02-2025,Payments,19
P045,02-03-2025,Reports,32
P045,15-01-2025,Reports,37
P045,05-01-2025,Payments,40
P045,18-03-2025,Payments,41
P045,09-02-2025,Reports,20
P045,18-02-2025,Payments,17
P045,02-03-2025,Dashboard,30
P045,14-02-2025,Dashboard,11
P045,24-03-2025,Dashboard,8
P045,19-01-2025,Dashboard,8
P045,26-01-2025,Reports,31
P045,15-01-2025,Profile,26
P045,16-03-2025,Dashboard,44
P045,04-03-2025,Dashboard,9
P045,31-01-2025,Reports,7
P045,12-02-2025,Profile,7
P046,14-01-2025,Profile,39
P046,26-03-2025,Profile,15
P046,17-01-2025,Dashboard,14
P046,04-01-2025,Profile,23
P046,27-01-2025,Reports,32
P046,05-01-2025,Payments,8
P046,09-01-2025,Reports,14
P046,17-03-2025,Reports,4
P046,26-02-2025,Reports,13
P046,27-01-2025,Reports,17
P046,08-03-2025,Dashboard,37
P046,14-01-2025,Dashboard,35
P047,03-02-2025,Reports,28
P047,21-01-2025,Profile,18
P047,06-01-2025,Dashboard,27
P047,10-03-2025,Reports,23
P047,19-01-2025,Reports,40
P047,25-01-2025,Payments,40
P047,24-03-2025,Dashboard,6
P047,10-01-2025,Reports,22
P048,19-02-2025,Dashboard,36
P048,15-02-2025,Reports,35
P048,10-03-2025,Profile,5
P048,31-01-2025,Dashboard,25
P048,27-02-2025,Profile,21
P048,14-03-2025,Reports,21
P048,25-02-2025,Payments,5
P048,12-02-2025,Payments,22
P048,15-02-2025,Reports,32
P048,11-03-2025,Payments,39
P048,15-03-2025,Payments,41
P048,08-02-2025,Reports,22
P048,03-02-2025,Dashboard,11
P048,05-01-2025,Reports,41
P048,27-03-2025,Payments,12
P048,10-01-2025,Payments,44
P048,21-03-2025,Payments,37
P048,27-01-2025,Reports,18
P048,21-01-2025,Payments,5
P048,20-03-2025,Dashboard,45
P048,01-01-2025,Reports,18
P048,07-01-2025,Dashboard,14
P048,23-01-2025,Dashboard,40
P048,25-02-2025,Dashboard,14
P048,06-01-2025,Dashboard,40
P048,01-04-2025,Reports,30
P048,25-02-2025,Dashboard,34
P048,14-02-2025,Reports,36
P048,17-01-2025,Dashboard,27
P048,23-02-2025,Dashboard,4
P048,27-03-2025,Dashboard,24
P048,10-01-2025,Dashboard,40
P048,20-02-2025,Reports,6
P048,20-03-2025,Reports,5
P048,04-01-2025,Reports,22
P048,09-02-2025,Reports,18
P048,15-03-2025,Dashboard,11
P048,25-03-2025,Payments,23
P048,14-01-2025,Reports,43
P048,13-03-2025,Reports,17
P048,19-01-2025,Dashboard,18
P048,12-03-2025,Dashboard,37
P048,05-03-2025,Dashboard,14
P048,28-03-2025,Dashboard,43
P048,13-02-2025,Reports,10
P048,04-01-2025,Reports,34
P048,19-01-2025,Reports,34
P048,07-01-2025,Payments,10
P048,03-03-2025,Payments,10
P048,27-01-2025,Payments,39
P048,01-04-2025,Profile,5
P048,26-02-2025,Dashboard,45
P048,01-03-2025,Dashboard,8
P048,22-01-2025,Dashboard,32
P048,13-02-2025,Reports,33
P048,10-03-2025,Payments,23
P049,22-03-2025,Profile,23
P049,31-01-2025,Dashboard,27
P049,13-01-2025,Dashboard,21
P049,09-02-2025,Reports,36
P049,29-01-2025,Dashboard,20
P049,10-01-2025,Dashboard,26
P049,11-01-2025,Dashboard,33
P049,14-03-2025,Payments,10
P050,17-01-2025,Dashboard,34
P050,23-02-2025,Reports,9
P050,25-03-2025,Payments,22
P050,17-01-2025,Dashboard,32
P050,24-01-2025,Reports,20
P050,03-03-2025,Dashboard,33
P050,24-03-2025,Profile,25
P050,21-02-2025,Reports,7
P050,05-03-2025,Payments,27
P050,22-02-2025,Reports,28
P050,26-03-2025,Dashboard,14
P050,01-02-2025,Reports,11
P050,27-03-2025,Profile,3
P050,15-02-2025,Reports,28
P050,18-02-2025,Payments,45
P050,18-02-2025,Payments,39
P050,03-01-2025,Dashboard,20
P050,08-02-2025,Dashboard,4
P050,11-02-2025,Reports,41
P050,12-02-2025,Reports,20
P050,23-01-2025,Payments,18
P050,04-02-2025,Profile,44
P050,17-03-2025,Dashboard,21
P050,04-01-2025,Dashboard,45
P050,01-03-2025,Payments,27
P050,31-03-2025,Dashboard,27
P050,14-01-2025,Payments,12
P050,11-03-2025,Reports,33
P050,22-03-2025,Reports,33
P050,22-03-2025,Dashboard,11
P050,19-03-2025,Reports,7
P050,22-03-2025,Reports,2
P051,12-02-2025,Reports,16
P051,09-03-2025,Reports,16
P051,05-02-2025,Reports,11
P051,20-03-2025,Dashboard,8
P051,18-03-2025,Dashboard,28
P051,22-02-2025,Reports,17
P051,05-01-2025,Reports,26
P051,15-01-2025,Profile,18
P051,09-03-2025,Dashboard,35
P051,09-03-2025,Reports,7
P051,08-01-2025,Reports,44
P051,17-01-2025,Reports,35
P051,11-02-2025,Payments,45
P051,02-01-2025,Reports,45
P051,19-01-2025,Profile,39
P051,24-03-2025,Dashboard,41
P051,16-02-2025,Dashboard,4
P051,11-02-2025,Payments,10
P051,07-01-2025,Reports,45
P051,01-01-2025,Dashboard,16
P051,23-02-2025,Dashboard,31
P051,27-01-2025,Dashboard,21
P051,02-01-2025,Payments,29
P051,14-03-2025,Dashboard,16
P052,12-02-2025,Dashboard,10
P052,13-02-2025,Reports,23
P052,02-02-2025,Dashboard,7
P052,06-01-2025,Payments,34
P052,08-03-2025,Dashboard,43
P052,07-02-2025,Reports,8
P052,13-03-2025,Payments,38
P052,29-01-2025,Reports,16
P053,21-03-2025,Reports,31
P053,15-01-2025,Profile,45
P053,16-01-2025,Dashboard,9
P053,18-03-2025,Reports,6
P053,24-03-2025,Dashboard,16
P053,27-01-2025,Reports,37
P053,10-01-2025,Dashboard,31
P053,23-01-2025,Reports,22
P053,17-02-2025,Payments,11
P053,20-01-2025,Dashboard,12
P053,24-01-2025,Reports,21
P053,21-03-2025,Payments,3
P053,01-02-2025,Profile,23
P053,01-03-2025,Dashboard,10
P053,08-03-2025,Dashboard,6
P053,28-01-2025,Dashboard,36
P053,22-01-2025,Profile,39
P053,13-03-2025,Profile,3
P053,20-02-2025,Reports,9
P053,24-03-2025,Payments,44
P053,06-02-2025,Reports,39
P053,08-01-2025,Reports,29
P053,02-02-2025,Dashboard,21
P053,13-01-2025,Payments,27
P053,23-01-2025,Dashboard,6
P053,06-02-2025,Payments,39
P053,26-01-2025,Payments,15
P053,12-01-2025,Payments,23
P053,17-01-2025,Dashboard,36
P053,03-01-2025,Dashboard,28
P053,28-03-2025,Dashboard,31
P053,24-02-2025,Dashboard,45
P053,30-01-2025,Dashboard,35
P053,06-01-2025,Profile,19
P053,05-02-2025,Reports,22
P053,12-01-2025,Dashboard,10
P054,24-02-2025,Payments,42
P054,05-03-2025,Payments,21
P054,10-02-2025,Payments,22
P054,28-02-2025,Payments,13
P054,13-02-2025,Dashboard,12
P054,17-03-2025,Dashboard,34
P054,02-03-2025,Reports,22
P054,12-01-2025,Dashboard,23
P054,16-03-2025,Reports,19
P054,31-01-2025,Dashboard,6
P054,31-01-2025,Profile,26
P054,27-01-2025,Reports,33
P054,16-02-2025,Payments,17
P054,23-02-2025,Dashboard,8
P054,07-03-2025,Payments,32
P054,27-01-2025,Profile,6
P054,01-03-2025,Reports,10
P054,19-02-2025,Reports,14
P054,11-02-2025,Payments,30
P054,13-02-2025,Dashboard,38
P054,02-02-2025,Reports,14
P054,27-01-2025,Dashboard,6
P054,21-02-2025,Dashboard,24
P054,04-01-2025,Dashboard,11
P054,20-03-2025,Dashboard,33
P054,22-03-2025,Dashboard,17
P054,09-03-2025,Dashboard,4
P054,16-03-2025,Profile,28
P054,07-03-2025,Reports,4
P054,08-02-2025,Profile,30
P054,05-03-2025,Reports,30
P054,08-03-2025,Dashboard,29
P054,26-02-2025,Reports,27
P054,12-03-2025,Reports,34
P054,11-01-2025,Dashboard,39
P054,07-02-2025,Reports,24
P054,19-02-2025,Dashboard,12
P054,28-02-2025,Reports,32
P054,02-02-2025,Reports,24
P054,19-03-2025,Dashboard,29
P054,02-01-2025,Dashboard,29
P054,07-02-2025,Payments,37
P054,18-03-2025,Reports,8
P054,22-02-2025,Dashboard,39
P054,10-03-2025,Profile,39
P054,14-02-2025,Dashboard,41
P054,14-01-2025,Reports,14
P054,12-01-2025,Profile,38
P056,05-03-2025,Dashboard,44
P056,20-02-2025,Dashboard,30
P056,23-02-2025,Reports,27
P056,25-01-2025,Dashboard,6
P057,02-03-2025,Dashboard,13
P057,28-02-2025,Reports,44
P057,02-02-2025,Reports,23
P057,01-02-2025,Reports,44
P057,19-01-2025,Dashboard,41
P057,26-03-2025,Payments,15
P057,18-02-2025,Reports,37
P057,26-03-2025,Dashboard,20
P057,08-01-2025,Dashboard,12
P057,29-03-2025,Reports,11
P057,09-02-2025,Payments,45
P057,13-03-2025,Payments,42
P058,04-01-2025,Reports,17
P058,17-02-2025,Reports,27
P058,01-01-2025,Dashboard,29
P058,13-03-2025,Dashboard,13
P059,12-01-2025,Reports,5
P059,16-02-2025,Dashboard,5
P059,15-02-2025,Dashboard,33
P059,25-02-2025,Dashboard,28
P060,22-03-2025,Dashboard,22
P060,25-02-2025,Reports,38
P060,13-02-2025,Reports,22
P060,17-02-2025,Payments,35
P060,23-02-2025,Dashboard,35
P060,13-02-2025,Reports,17
P060,18-02-2025,Dashboard,27
P060,22-02-2025,Dashboard,23
P060,18-02-2025,Payments,11
P060,30-03-2025,Reports,41
P060,06-03-2025,Dashboard,44
P060,31-01-2025,Dashboard,4
P061,19-01-2025,Reports,12
P061,05-01-2025,Reports,10
P061,17-03-2025,Payments,9
P061,13-02-2025,Reports,31
P061,02-01-2025,Reports,45
P061,08-02-2025,Dashboard,38
P061,29-03-2025,Reports,22
P061,18-03-2025,Dashboard,30
P061,15-03-2025,Payments,8
P061,24-01-2025,Reports,28
P061,05-01-2025,Reports,9
P061,23-01-2025,Dashboard,12
P061,04-02-2025,Dashboard,20
P061,19-02-2025,Payments,14
P061,23-01-2025,Dashboard,33
P061,31-01-2025,Dashboard,7
P061,21-01-2025,Dashboard,9
P061,12-03-2025,Profile,44
P061,26-01-2025,Payments,37
P061,12-01-2025,Dashboard,6
P061,15-01-2025,Dashboard,31
P061,25-02-2025,Dashboard,36
P061,02-01-2025,Payments,2
P061,05-03-2025,Reports,15
P061,06-03-2025,Dashboard,19
P061,19-01-2025,Dashboard,27
P061,15-03-2025,Dashboard,33
P061,10-01-2025,Reports,20
P061,02-03-2025,Payments,22
P061,23-03-2025,Dashboard,29
P061,24-01-2025,Dashboard,31
P061,06-02-2025,Dashboard,27
P061,11-03-2025,Profile,14
P061,11-03-2025,Dashboard,37
P061,04-03-2025,Payments,36
P061,21-02-2025,Reports,7
P061,19-03-2025,Dashboard,32
P061,27-01-2025,Dashboard,27
P061,10-02-2025,Dashboard,8
P061,24-01-2025,Reports,37
P061,25-01-2025,Payments,15
P061,30-03-2025,Reports,24
P061,21-02-2025,Reports,20
P061,02-03-2025,Dashboard,20
P061,05-02-2025,Profile,27
P061,10-02-2025,Payments,14
P061,28-02-2025,Dashboard,10
P061,01-03-2025,Profile,28
P062,17-03-2025,Reports,11
P062,13-03-2025,Reports,41
P062,22-01-2025,Reports,5
P062,09-02-2025,Profile,40
P062,17-02-2025,Dashboard,42
P062,30-01-2025,Dashboard,28
P062,27-01-2025,Dashboard,36
P062,31-03-2025,Payments,43
P062,14-03-2025,Reports,39
P062,13-02-2025,Dashboard,44
P062,07-02-2025,Payments,6
P062,15-03-2025,Payments,42
P062,20-01-2025,Payments,35
P062,15-02-2025,Profile,34
P062,02-02-2025,Dashboard,17
P062,16-01-2025,Payments,37
P062,07-02-2025,Reports,37
P062,16-01-2025,Payments,18
P062,06-01-2025,Payments,44
P062,16-01-2025,Payments,5
P062,24-01-2025,Reports,17
P062,26-03-2025,Dashboard,13
P062,11-03-2025,Reports,44
P062,09-02-2025,Profile,34
P062,25-03-2025,Profile,36
P062,26-01-2025,Dashboard,29
P062,23-02-2025,Dashboard,23
P062,22-01-2025,Dashboard,30
P062,03-01-2025,Payments,8
P062,03-03-2025,Payments,21
P062,31-01-2025,Dashboard,11
P062,03-03-2025,Reports,43
P062,04-01-2025,Payments,29
P062,18-03-2025,Payments,11
P062,23-03-2025,Reports,14
P062,08-03-2025,Reports,18
P063,29-01-2025,Dashboard,38
P063,09-02-2025,Payments,36
P063,04-01-2025,Profile,17
P063,18-03-2025,Dashboard,19
P063,27-01-2025,Reports,3
P063,28-01-2025,Payments,9
P063,01-02-2025,Dashboard,8
P063,04-01-2025,Reports,18
P063,10-01-2025,Payments,16
P063,12-03-2025,Reports,4
P063,14-01-2025,Dashboard,19
P063,12-02-2025,Dashboard,40
P063,27-02-2025,Payments,32
P063,18-02-2025,Reports,27
P063,03-03-2025,Dashboard,16
P063,03-03-2025,Payments,4
P063,13-02-2025,Dashboard,31
P063,12-01-2025,Payments,44
P063,04-02-2025,Dashboard,10
P063,05-01-2025,Profile,38
P063,22-01-2025,Dashboard,27
P063,08-03-2025,Dashboard,8
P063,16-03-2025,Dashboard,9
P063,02-01-2025,Dashboard,41
P063,13-03-2025,Payments,8
P063,25-01-2025,Profile,41
P063,07-01-2025,Dashboard,15
P063,03-01-2025,Reports,19
P063,21-02-2025,Payments,34
P063,25-03-2025,Payments,14
P063,03-02-2025,Reports,38
P063,05-02-2025,Dashboard,37
P063,21-01-2025,Reports,42
P063,20-02-2025,Reports,20
P063,11-02-2025,Dashboard,19
P063,27-02-2025,Reports,9
P064,06-02-2025,Reports,40
P064,11-02-2025,Reports,30
P064,28-03-2025,Reports,24
P064,09-03-2025,Payments,35
P064,11-01-2025,Dashboard,17
P064,18-01-2025,Payments,2
P064,02-01-2025,Reports,29
P064,08-03-2025,Dashboard,19
P064,14-03-2025,Dashboard,23
P064,11-02-2025,Dashboard,30
P064,27-03-2025,Payments,9
P064,13-01-2025,Payments,4
P064,15-03-2025,Payments,26
P064,19-01-2025,Reports,43
P064,12-02-2025,Reports,44
P064,31-01-2025,Dashboard,40
P064,07-01-2025,Dashboard,27
P064,20-03-2025,Reports,8
P064,01-03-2025,Dashboard,37
P064,18-02-2025,Dashboard,35
P064,17-02-2025,Reports,25
P064,28-03-2025,Payments,35
P064,03-02-2025,Profile,15
P064,02-01-2025,Profile,38
P064,27-01-2025,Reports,16
P064,20-01-2025,Reports,45
P064,05-01-2025,Reports,45
P064,06-02-2025,Payments,22
P064,02-01-2025,Dashboard,6
P064,03-02-2025,Reports,38
P064,22-01-2025,Payments,9
P064,04-01-2025,Dashboard,9
P065,17-03-2025,Payments,39
P065,14-03-2025,Dashboard,36
P065,13-03-2025,Reports,21
P065,11-01-2025,Dashboard,39
P065,12-03-2025,Profile,29
P065,16-01-2025,Dashboard,20
P065,10-01-2025,Reports,33
P065,10-03-2025,Payments,9
P065,19-01-2025,Payments,17
P065,07-03-2025,Dashboard,41
P065,26-01-2025,Payments,20
P065,19-03-2025,Reports,5
P065,13-01-2025,Reports,6
P065,19-03-2025,Dashboard,45
P065,26-02-2025,Dashboard,16
P065,08-03-2025,Payments,45
P065,30-03-2025,Reports,3
P065,04-01-2025,Reports,6
P065,06-01-2025,Payments,2
P065,28-02-2025,Payments,6
P065,19-02-2025,Dashboard,4
P065,27-03-2025,Reports,27
P065,08-01-2025,Dashboard,35
P065,15-01-2025,Payments,16
P066,14-03-2025,Dashboard,44
P066,28-01-2025,Dashboard,34
P066,26-03-2025,Dashboard,41
P066,08-03-2025,Profile,4
P066,16-01-2025,Dashboard,20
P066,27-01-2025,Dashboard,19
P066,01-01-2025,Payments,3
P066,02-03-2025,Reports,42
P066,01-03-2025,Payments,38
P066,02-03-2025,Dashboard,24
P066,24-03-2025,Reports,17
P066,28-01-2025,Dashboard,36
P067,06-01-2025,Reports,13
P067,15-02-2025,Reports,32
P067,12-01-2025,Dashboard,15
P067,19-02-2025,Payments,2
P067,18-01-2025,Dashboard,9
P067,01-01-2025,Reports,26
P067,27-02-2025,Profile,34
P067,02-01-2025,Reports,10
P068,12-03-2025,Reports,45
P068,25-03-2025,Dashboard,30
P068,11-02-2025,Reports,25
P068,30-01-2025,Reports,13
P068,21-01-2025,Profile,27
P068,14-01-2025,Reports,27
P068,03-02-2025,Dashboard,34
P068,04-03-2025,Dashboard,4
P068,16-03-2025,Dashboard,38
P068,09-03-2025,Dashboard,20
P068,22-03-2025,Dashboard,45
P068,31-01-2025,Payments,33
P068,30-03-2025,Reports,39
P068,03-02-2025,Reports,17
P068,25-01-2025,Dashboard,36
P068,31-01-2025,Payments,44
P068,30-03-2025,Payments,22
P068,11-02-2025,Dashboard,26
P068,04-03-2025,Payments,4
P068,16-01-2025,Reports,35
P068,28-02-2025,Dashboard,36
P068,28-02-2025,Reports,22
P068,24-03-2025,Reports,27
P068,10-03-2025,Dashboard,37
P069,19-03-2025,Reports,38
P069,16-02-2025,Payments,19
P069,22-03-2025,Reports,42
P069,13-03-2025,Dashboard,31
P069,26-01-2025,Payments,2
P069,30-03-2025,Dashboard,20
P069,17-02-2025,Dashboard,14
P069,31-01-2025,Dashboard,40
P069,08-01-2025,Dashboard,32
P069,13-01-2025,Payments,43
P069,30-03-2025,Reports,31
P069,20-03-2025,Dashboard,44
P069,04-02-2025,Payments,6
P069,19-03-2025,Payments,32
P069,26-03-2025,Payments,6
P069,13-01-2025,Dashboard,28
P069,28-03-2025,Reports,2
P069,11-02-2025,Profile,28
P069,03-02-2025,Payments,10
P069,16-01-2025,Dashboard,5
P069,06-03-2025,Dashboard,2
P069,24-02-2025,Reports,26
P069,17-03-2025,Profile,41
P069,01-04-2025,Reports,26
P069,02-03-2025,Reports,16
P069,12-02-2025,Dashboard,35
P069,20-03-2025,Reports,17
P069,16-01-2025,Payments,17
P071,06-02-2025,Reports,43
P071,17-03-2025,Payments,39
P071,03-02-2025,Dashboard,31
P071,03-01-2025,Payments,30
P071,18-03-2025,Profile,19
P071,17-01-2025,Dashboard,16
P071,22-01-2025,Profile,31
P071,03-01-2025,Dashboard,14
P071,06-03-2025,Dashboard,25
P071,28-01-2025,Dashboard,9
P071,12-01-2025,Payments,18
P071,07-01-2025,Reports,34
P071,19-03-2025,Dashboard,19
P071,05-03-2025,Reports,21
P071,15-02-2025,Reports,36
P071,18-02-2025,Dashboard,18
P071,20-02-2025,Payments,42
P071,24-03-2025,Payments,20
P071,07-03-2025,Reports,19
P071,26-03-2025,Profile,15
P071,16-02-2025,Reports,37
P071,17-01-2025,Profile,28
P071,02-01-2025,Reports,41
P071,13-03-2025,Reports,5
P071,28-01-2025,Dashboard,18
P071,11-03-2025,Payments,41
P071,15-03-2025,Reports,11
P071,27-03-2025,Dashboard,38
P071,13-02-2025,Dashboard,8
P071,01-03-2025,Reports,28
P071,06-01-2025,Reports,16
P071,28-02-2025,Payments,27
P071,29-01-2025,Payments,16
P071,09-01-2025,Dashboard,39
P071,13-03-2025,Payments,45
P071,21-03-2025,Dashboard,6
P071,05-03-2025,Payments,31
P071,25-02-2025,Payments,31
P071,05-01-2025,Reports,20
P071,04-01-2025,Payments,7
P071,18-01-2025,Dashboard,36
P071,04-01-2025,Reports,18
P071,02-03-2025,Payments,37
P071,06-03-2025,Reports,24
P071,28-02-2025,Dashboard,34
P071,24-03-2025,Reports,38
P071,23-03-2025,Payments,8
P071,25-01-2025,Dashboard,31
P072,27-03-2025,Dashboard,41
P072,21-02-2025,Dashboard,18
P072,18-02-2025,Dashboard,21
P072,26-01-2025,Reports,44
P072,06-02-2025,Payments,29
P072,27-02-2025,Reports,4
P072,22-03-2025,Reports,21
P072,04-03-2025,Dashboard,6
P072,24-02-2025,Payments,6
P072,23-02-2025,Reports,40
P072,01-04-2025,Profile,11
P072,17-01-2025,Reports,25
P074,03-03-2025,Reports,13
P074,06-03-2025,Dashboard,3
P074,10-01-2025,Dashboard,39
P074,20-01-2025,Payments,37
P076,17-03-2025,Dashboard,15
P076,07-01-2025,Dashboard,16
P076,03-03-2025,Reports,39
P076,09-02-2025,Profile,20
P076,18-01-2025,Payments,28
P076,21-01-2025,Payments,25
P076,16-03-2025,Payments,44
P076,01-01-2025,Reports,40
P076,30-03-2025,Dashboard,9
P076,13-01-2025,Profile,19
P076,18-01-2025,Reports,40
P076,13-01-2025,Reports,16
P076,17-01-2025,Dashboard,4
P076,26-03-2025,Reports,7
P076,06-03-2025,Reports,28
P076,05-02-2025,Payments,4
P076,28-02-2025,Reports,37
P076,06-03-2025,Dashboard,23
P076,15-02-2025,Profile,12
P076,15-01-2025,Dashboard,38
P076,22-02-2025,Reports,3
P076,10-02-2025,Dashboard,14
P076,08-02-2025,Payments,7
P076,11-02-2025,Profile,31
P077,27-03-2025,Payments,34
P077,02-02-2025,Dashboard,21
P077,25-03-2025,Payments,30
P077,25-03-2025,Reports,10
P077,16-03-2025,Dashboard,31
P077,13-01-2025,Dashboard,35
P077,22-03-2025,Dashboard,33
P077,04-01-2025,Reports,23
P077,16-03-2025,Dashboard,30
P077,02-03-2025,Reports,16
P077,05-01-2025,Dashboard,2
P077,04-02-2025,Dashboard,28
P077,28-01-2025,Payments,40
P077,24-02-2025,Dashboard,43
P077,14-03-2025,Profile,4
P077,14-03-2025,Payments,27
P077,20-02-2025,Reports,20
P077,17-03-2025,Reports,19
P077,03-01-2025,Payments,8
P077,07-01-2025,Dashboard,19
P077,30-03-2025,Dashboard,38
P077,11-03-2025,Dashboard,9
P077,01-02-2025,Payments,5
P077,28-01-2025,Dashboard,29
P077,12-03-2025,Reports,27
P077,30-03-2025,Profile,3
P077,07-01-2025,Payments,12
P077,20-03-2025,Reports,38
P077,26-03-2025,Dashboard,2
P077,10-03-2025,Payments,28
P077,27-03-2025,Reports,9
P077,31-03-2025,Dashboard,8
P077,10-02-2025,Dashboard,21
P077,05-02-2025,Profile,12
P077,12-03-2025,Reports,15
P077,24-02-2025,Payments,22
P077,29-03-2025,Payments,3
P077,27-01-2025,Reports,19
P077,01-03-2025,Reports,34
P077,07-01-2025,Reports,40
P077,27-01-2025,Dashboard,5
P077,09-01-2025,Reports,34
P077,04-01-2025,Payments,44
P077,29-01-2025,Reports,43
P078,01-01-2025,Reports,12
P078,17-02-2025,Dashboard,12
P078,31-01-2025,Dashboard,33
P078,10-02-2025,Reports,14
P078,06-01-2025,Reports,24
P078,26-01-2025,Profile,4
P078,12-03-2025,Reports,43
P078,22-02-2025,Payments,34
P078,10-01-2025,Reports,2
P078,10-03-2025,Reports,9
P078,30-03-2025,Dashboard,3
P078,07-02-2025,Dashboard,32
P078,24-02-2025,Dashboard,30
P078,04-02-2025,Reports,26
P078,25-02-2025,Dashboard,43
P078,03-02-2025,Dashboard,13
P078,29-01-2025,Dashboard,32
P078,24-02-2025,Profile,3
P078,30-03-2025,Dashboard,35
P078,07-01-2025,Reports,32
P078,06-01-2025,Dashboard,34
P078,12-01-2025,Reports,45
P078,10-01-2025,Dashboard,19
P078,02-03-2025,Dashboard,15
P079,24-02-2025,Dashboard,15
P079,07-02-2025,Dashboard,23
P079,24-03-2025,Dashboard,29
P079,29-03-2025,Dashboard,42
P079,25-01-2025,Payments,13
P079,26-02-2025,Reports,9
P079,28-03-2025,Reports,45
P079,25-01-2025,Dashboard,33
P080,04-02-2025,Dashboard,36
P080,02-03-2025,Dashboard,41
P080,28-02-2025,Reports,45
P080,19-03-2025,Reports,3
P080,15-03-2025,Profile,23
P080,04-02-2025,Payments,5
P080,01-03-2025,Reports,21
P080,01-03-2025,Dashboard,12
P080,11-01-2025,Payments,17
P080,28-02-2025,Profile,14
P080,12-03-2025,Payments,32
P080,08-02-2025,Dashboard,41
P080,10-01-2025,Reports,2
P080,22-01-2025,Dashboard,34
P080,12-02-2025,Dashboard,10
P080,07-02-2025,Dashboard,2
P080,29-03-2025,Reports,16
P080,16-01-2025,Reports,35
P080,18-03-2025,Dashboard,14
P080,13-03-2025,Dashboard,19
P080,19-03-2025,Reports,14
P080,19-02-2025,Dashboard,25
P080,09-01-2025,Dashboard,39
P080,15-01-2025,Reports,27
P080,04-02-2025,Payments,14
P080,26-01-2025,Dashboard,31
P080,24-02-2025,Dashboard,14
P080,07-02-2025,Dashboard,33
P080,15-01-2025,Profile,13
P080,05-03-2025,Reports,9
P080,18-02-2025,Reports,44
P080,07-03-2025,Dashboard,19
P080,05-01-2025,Reports,37
P080,16-01-2025,Dashboard,15
P080,15-02-2025,Reports,34
P080,22-02-2025,Profile,38
P080,28-01-2025,Reports,36
P080,12-03-2025,Payments,36
P080,20-03-2025,Payments,26
P080,29-03-2025,Dashboard,6
P080,02-02-2025,Profile,5
P080,24-03-2025,Dashboard,24
P080,08-02-2025,Reports,41
P080,21-01-2025,Dashboard,3
P083,17-02-2025,Reports,39
P083,10-03-2025,Dashboard,30
P083,15-03-2025,Payments,6
P083,16-03-2025,Reports,5
P083,13-01-2025,Payments,12
P083,27-03-2025,Reports,16
P083,16-02-2025,Reports,9
P083,02-02-2025,Reports,34
P083,02-01-2025,Dashboard,28
P083,27-03-2025,Dashboard,24
P083,07-03-2025,Payments,18
P083,09-03-2025,Reports,20
P083,01-04-2025,Payments,5
P083,19-03-2025,Payments,6
P083,25-03-2025,Payments,26
P083,17-03-2025,Profile,43
P084,06-02-2025,Reports,30
P084,18-03-2025,Dashboard,44
P084,15-03-2025,Reports,44
P084,12-03-2025,Payments,3
P085,14-02-2025,Payments,42
P085,09-03-2025,Dashboard,39
P085,02-03-2025,Dashboard,26
P085,10-02-2025,Dashboard,10
P085,11-03-2025,Reports,45
P085,20-01-2025,Reports,2
P085,02-01-2025,Dashboard,26
P085,07-02-2025,Dashboard,5
P085,26-02-2025,Reports,40
P085,13-01-2025,Dashboard,33
P085,14-02-2025,Reports,21
P085,27-02-2025,Reports,14
P085,04-01-2025,Dashboard,21
P085,28-02-2025,Dashboard,32
P085,31-03-2025,Profile,14
P085,13-03-2025,Reports,23
P086,04-01-2025,Reports,33
P086,07-01-2025,Profile,9
P086,24-03-2025,Dashboard,26
P086,17-03-2025,Dashboard,45
P086,17-02-2025,Dashboard,24
P086,13-02-2025,Dashboard,8
P086,27-01-2025,Dashboard,4
P086,03-01-2025,Dashboard,21
P086,29-01-2025,Payments,25
P086,09-02-2025,Reports,12
P086,08-01-2025,Dashboard,21
P086,03-02-2025,Profile,10
P087,10-02-2025,Dashboard,26
P087,16-01-2025,Reports,31
P087,10-03-2025,Reports,5
P087,02-02-2025,Payments,2
P087,09-02-2025,Payments,38
P087,29-01-2025,Reports,38
P087,25-01-2025,Dashboard,4
P087,22-02-2025,Dashboard,26
P087,30-01-2025,Dashboard,27
P087,19-01-2025,Dashboard,23
P087,05-02-2025,Dashboard,8
P087,28-02-2025,Dashboard,37
P087,14-03-2025,Profile,4
P087,16-01-2025,Reports,39
P087,03-03-2025,Dashboard,39
P087,04-02-2025,Reports,42
P087,09-03-2025,Dashboard,18
P087,22-02-2025,Reports,15
P087,03-02-2025,Reports,34
P087,21-01-2025,Reports,16
P087,09-02-2025,Reports,24
P087,19-03-2025,Profile,5
P087,02-01-2025,Payments,22
P087,20-02-2025,Reports,26
P087,06-03-2025,Reports,24
P087,25-02-2025,Reports,13
P087,28-03-2025,Dashboard,14
P087,16-01-2025,Dashboard,4
P087,18-01-2025,Dashboard,42
P087,21-01-2025,Reports,42
P087,12-01-2025,Reports,23
P087,02-02-2025,Dashboard,20
P087,29-03-2025,Profile,25
P087,14-02-2025,Profile,14
P087,09-01-2025,Payments,13
P087,02-01-2025,Reports,40
P087,14-02-2025,Payments,43
P087,25-01-2025,Dashboard,4
P087,09-02-2025,Payments,22
P087,22-03-2025,Dashboard,13
P087,03-02-2025,Payments,35
P087,07-02-2025,Dashboard,2
P087,28-03-2025,Payments,34
P087,31-03-2025,Profile,37
P087,09-03-2025,Dashboard,11
P087,08-01-2025,Reports,35
P087,12-03-2025,Profile,23
P087,26-02-2025,Reports,32
P088,09-03-2025,Payments,4
P088,28-02-2025,Dashboard,38
P088,01-03-2025,Reports,35
P088,26-01-2025,Reports,45
P088,09-03-2025,Reports,35
P088,27-02-2025,Payments,22
P088,10-02-2025,Profile,17
P088,15-02-2025,Reports,19
P088,20-03-2025,Payments,30
P088,10-01-2025,Payments,29
P088,19-01-2025,Reports,23
P088,23-03-2025,Profile,12
P088,15-01-2025,Dashboard,38
P088,22-03-2025,Dashboard,25
P088,19-02-2025,Payments,10
P088,06-01-2025,Reports,36
P089,31-03-2025,Reports,28
P089,16-01-2025,Payments,41
P089,27-02-2025,Reports,5
P089,10-01-2025,Dashboard,12
P089,22-01-2025,Dashboard,29
P089,19-03-2025,Dashboard,39
P089,02-03-2025,Payments,32
P089,14-01-2025,Dashboard,39
P089,02-02-2025,Dashboard,23
P089,18-01-2025,Profile,33
P089,14-01-2025,Dashboard,45
P089,12-01-2025,Profile,5
P089,11-02-2025,Reports,26
P089,25-01-2025,Payments,43
P089,27-03-2025,Dashboard,39
P089,01-02-2025,Dashboard,40
P089,01-01-2025,Payments,26
P089,28-02-2025,Payments,11
P089,20-01-2025,Payments,12
P089,09-02-2025,Dashboard,42
P089,27-01-2025,Payments,45
P089,05-02-2025,Payments,24
P089,22-03-2025,Reports,25
P089,11-03-2025,Payments,40
P089,13-01-2025,Payments,18
P089,13-02-2025,Reports,20
P089,23-03-2025,Dashboard,13
P089,21-02-2025,Reports,34
P089,05-03-2025,Dashboard,43
P089,13-01-2025,Reports,20
P089,13-02-2025,Reports,34
P089,22-01-2025,Dashboard,40
P089,10-02-2025,Dashboard,43
P089,10-02-2025,Dashboard,39
P089,02-01-2025,Payments,33
P089,14-01-2025,Profile,4
P091,05-02-2025,Dashboard,14
P091,14-01-2025,Reports,4
P091,27-01-2025,Dashboard,3
P091,06-02-2025,Dashboard,19
P091,02-02-2025,Dashboard,38
P091,15-03-2025,Payments,26
P091,24-03-2025,Profile,22
P091,07-02-2025,Reports,19
P091,03-03-2025,Profile,8
P091,28-01-2025,Dashboard,10
P091,04-01-2025,Reports,35
P091,29-03-2025,Dashboard,42
P091,17-03-2025,Reports,44
P091,25-03-2025,Profile,38
P091,16-03-2025,Reports,16
P091,22-03-2025,Dashboard,15
P091,25-02-2025,Reports,2
P091,15-03-2025,Dashboard,4
P091,23-02-2025,Payments,43
P091,31-03-2025,Reports,25
P091,09-02-2025,Reports,37
P091,17-03-2025,Reports,18
P091,15-03-2025,Reports,20
P091,12-02-2025,Dashboard,44
P091,13-02-2025,Reports,17
P091,17-02-2025,Dashboard,15
P091,18-02-2025,Payments,8
P091,19-02-2025,Payments,40
P092,17-02-2025,Reports,11
P092,21-02-2025,Dashboard,35
P092,12-03-2025,Payments,22
P092,11-01-2025,Dashboard,5
P092,17-01-2025,Dashboard,31
P092,14-03-2025,Reports,44
P092,20-02-2025,Dashboard,10
P092,19-02-2025,Dashboard,24
P092,26-02-2025,Payments,45
P092,03-01-2025,Dashboard,10
P092,09-01-2025,Payments,25
P092,30-03-2025,Dashboard,44
P092,10-03-2025,Dashboard,21
P092,14-01-2025,Payments,38
P092,12-03-2025,Dashboard,15
P092,16-02-2025,Dashboard,40
P092,31-01-2025,Dashboard,25
P092,07-03-2025,Dashboard,30
P092,17-03-2025,Payments,5
P092,06-01-2025,Dashboard,5
P092,05-03-2025,Payments,22
P092,04-01-2025,Payments,8
P092,03-02-2025,Reports,8
P092,25-02-2025,Profile,23
P092,09-03-2025,Dashboard,36
P092,26-03-2025,Profile,28
P092,03-03-2025,Dashboard,32
P092,11-01-2025,Reports,29
P092,09-03-2025,Reports,41
P092,28-02-2025,Dashboard,6
P092,27-01-2025,Reports,39
P092,23-03-2025,Payments,22
P093,16-01-2025,Reports,36
P093,01-01-2025,Profile,33
P093,28-02-2025,Payments,43
P093,19-01-2025,Profile,15
P093,04-01-2025,Payments,44
P093,17-03-2025,Dashboard,23
P093,27-03-2025,Dashboard,25
P093,13-02-2025,Payments,44
P094,12-01-2025,Dashboard,14
P094,15-01-2025,Dashboard,13
P094,06-03-2025,Dashboard,32
P094,06-02-2025,Payments,17
P094,27-01-2025,Reports,32
P094,01-02-2025,Payments,14
P094,19-01-2025,Payments,30
P094,13-02-2025,Dashboard,9
P094,08-03-2025,Reports,31
P094,30-03-2025,Reports,8
P094,10-01-2025,Payments,44
P094,02-02-2025,Dashboard,42
P094,03-01-2025,Reports,39
P094,18-03-2025,Reports,41
P094,31-01-2025,Dashboard,42
P094,11-01-2025,Dashboard,6
P094,01-01-2025,Reports,35
P094,08-01-2025,Payments,30
P094,24-02-2025,Dashboard,22
P094,10-01-2025,Reports,20
P094,05-01-2025,Dashboard,14
P094,29-03-2025,Payments,32
P094,13-01-2025,Dashboard,5
P094,04-01-2025,Payments,13
P094,21-02-2025,Dashboard,28
P094,09-03-2025,Dashboard,20
P094,27-01-2025,Dashboard,27
P094,09-02-2025,Dashboard,32
P095,05-01-2025,Payments,44
P095,28-01-2025,Dashboard,36
P095,18-03-2025,Dashboard,29
P095,24-03-2025,Dashboard,37
P098,22-01-2025,Reports,6
P098,23-02-2025,Reports,26
P098,17-02-2025,Dashboard,16
P098,18-03-2025,Reports,45
P098,02-02-2025,Profile,40
P098,20-03-2025,Reports,19
P098,15-03-2025,Reports,34
P098,22-02-2025,Dashboard,28
P099,27-02-2025,Profile,39
P099,01-04-2025,Dashboard,42
P099,29-03-2025,Dashboard,11
P099,01-03-2025,Payments,18
P099,04-01-2025,Payments,6
P099,14-02-2025,Dashboard,5
P099,21-03-2025,Dashboard,42
P099,02-01-2025,Dashboard,2
P100,27-02-2025,Dashboard,34
P100,12-02-2025,Dashboard,30
P100,03-02-2025,Dashboard,41
P100,28-03-2025,Reports,14
P100,17-03-2025,Profile,6
P100,04-03-2025,Payments,19
P100,09-01-2025,Dashboard,2
P100,04-02-2025,Payments,27
P100,17-01-2025,Payments,16
P100,05-01-2025,Payments,18
P100,23-01-2025,Reports,37
P100,24-02-2025,Dashboard,9
